Handlowiec;Miesiąc;Produkt;Liczba sprzedanych produktów;Wartość sprzedanych produktów;Województwo
IZA;1;TUSZ;4;18;SZCZECIN
ELA;10;PODKŁAD;30;93;WROCŁAW
ULA;11;PODKŁAD;79;234;KIELCE
ULA;5;TUSZ;35;128;WARSZAWA
ADA;1;KREDKA;31;100;LUBLIN
ULA;5;PODKŁAD;90;295;WROCŁAW
EWA;2;KREDKA;13;44;ŁÓDŹ
ULA;2;TUSZ;53;192;KRAKÓW
ADA;2;PODKŁAD;27;84;BYDGOSZCZ
ADA;7;KREDKA;20;58;POZNAŃ
OLA;10;BŁYSZCZYK;4;14;POZNAŃ
ADA;11;BŁYSZCZYK;2;7;RZESZÓW
ULA;8;TUSZ;57;214;WROCŁAW
ULA;3;KREDKA;26;79;GDAŃSK
EWA;12;TUSZ;36;133;BYDGOSZCZ
OLA;7;SZMINKA;42;186;WROCŁAW
ULA;9;TUSZ;65;223;SZCZECIN
EWA;2;BŁYSZCZYK;24;75;GDAŃSK
EWA;6;TUSZ;54;204;OPOLE
IZA;8;TUSZ;50;177;WARSZAWA
EWA;3;PODKŁAD;71;213;GDAŃSK
IGA;8;KREDKA;76;251;GDAŃSK
ELA;2;TUSZ;6;24;KIELCE
OLA;8;PODKŁAD;2;8;BYDGOSZCZ
ULA;11;KREDKA;28;93;OPOLE
OLA;8;TUSZ;79;261;ZIELONAGÓRA
EWA;1;TUSZ;24;90;OPOLE
IZA;9;TUSZ;48;167;RZESZÓW
IZA;9;PODKŁAD;67;203;WARSZAWA
ADA;1;KREDKA;8;29;POZNAŃ
EWA;1;PODKŁAD;52;161;GDAŃSK
ALA;4;BŁYSZCZYK;12;42;KRAKÓW
EWA;6;SZMINKA;15;69;GDAŃSK
ADA;9;TUSZ;7;26;OPOLE
IZA;12;KREDKA;34;99;OPOLE
EWA;5;BŁYSZCZYK;58;164;WROCŁAW
ALA;6;TUSZ;94;363;WROCŁAW
IGA;7;TUSZ;67;242;POZNAŃ
ELA;5;KREDKA;14;44;BYDGOSZCZ
ELA;6;SZMINKA;33;153;OPOLE
OLA;6;SZMINKA;64;284;OPOLE
ALA;10;BŁYSZCZYK;43;122;WROCŁAW
OLA;6;KREDKA;26;87;OPOLE
IGA;10;BŁYSZCZYK;29;82;KRAKÓW
EWA;12;TUSZ;36;130;POZNAŃ
ULA;8;TUSZ;79;288;OPOLE
OLA;4;PODKŁAD;52;169;ZIELONAGÓRA
IZA;6;PODKŁAD;7;23;GDAŃSK
ADA;8;KREDKA;26;75;WARSZAWA
ALA;8;BŁYSZCZYK;82;253;GDAŃSK
ULA;8;TUSZ;2;8;POZNAŃ
EWA;3;BŁYSZCZYK;21;63;POZNAŃ
ULA;2;SZMINKA;73;312;WROCŁAW
ULA;10;BŁYSZCZYK;45;127;KRAKÓW
IZA;2;BŁYSZCZYK;28;84;LUBLIN
ELA;6;PODKŁAD;45;157;POZNAŃ
ELA;1;SZMINKA;55;240;POZNAŃ
ADA;4;PODKŁAD;21;70;KIELCE
IZA;3;TUSZ;78;287;POZNAŃ
OLA;10;PODKŁAD;21;71;KATOWICE
ALA;11;PODKŁAD;6;19;WROCŁAW
OLA;2;PODKŁAD;59;204;GDAŃSK
OLA;6;BŁYSZCZYK;36;111;BIAŁYSTOK
ADA;8;KREDKA;52;150;GDAŃSK
ALA;2;BŁYSZCZYK;63;209;GDAŃSK
OLA;4;PODKŁAD;14;47;POZNAŃ
ADA;9;KREDKA;85;245;OPOLE
ELA;8;PODKŁAD;61;179;OPOLE
ADA;12;BŁYSZCZYK;87;248;POZNAŃ
OLA;8;BŁYSZCZYK;74;237;OPOLE
ADA;11;BŁYSZCZYK;19;62;OLSZTYN
IZA;5;PODKŁAD;63;214;BIAŁYSTOK
ALA;4;PODKŁAD;28;83;POZNAŃ
ELA;7;BŁYSZCZYK;19;64;GDAŃSK
ADA;6;PODKŁAD;91;311;POZNAŃ
IZA;3;TUSZ;27;98;OPOLE
ULA;2;BŁYSZCZYK;14;43;KATOWICE
IGA;3;PODKŁAD;73;211;WARSZAWA
ALA;4;TUSZ;18;74;ŁÓDŹ
ADA;3;SZMINKA;56;255;POZNAŃ
EWA;7;BŁYSZCZYK;16;50;POZNAŃ
ULA;9;TUSZ;72;288;LUBLIN
IZA;5;BŁYSZCZYK;3;11;KIELCE
ELA;4;KREDKA;5;18;LUBLIN
ELA;8;KREDKA;89;262;BIAŁYSTOK
ULA;11;KREDKA;27;88;GDAŃSK
ALA;3;KREDKA;8;25;BYDGOSZCZ
OLA;6;BŁYSZCZYK;21;66;OPOLE
IZA;11;BŁYSZCZYK;71;215;OPOLE
IZA;2;SZMINKA;58;242;OPOLE
EWA;8;PODKŁAD;69;235;OPOLE
ULA;8;TUSZ;90;344;KRAKÓW
OLA;5;KREDKA;94;290;BIAŁYSTOK
ALA;5;PODKŁAD;27;80;WROCŁAW
ULA;6;KREDKA;83;242;BYDGOSZCZ
ELA;2;KREDKA;35;116;WROCŁAW
ADA;6;PODKŁAD;33;104;LUBLIN
OLA;8;KREDKA;5;18;GDAŃSK
ULA;12;TUSZ;28;99;OPOLE
ALA;1;SZMINKA;68;309;BYDGOSZCZ
EWA;2;KREDKA;22;70;GDAŃSK
IZA;2;TUSZ;92;331;ZIELONAGÓRA
ALA;8;BŁYSZCZYK;91;257;BIAŁYSTOK
ADA;7;TUSZ;57;189;WROCŁAW
IZA;10;PODKŁAD;5;16;WROCŁAW
IZA;11;BŁYSZCZYK;3;11;OPOLE
EWA;1;KREDKA;67;193;GDAŃSK
ALA;5;BŁYSZCZYK;62;181;ŁÓDŹ
OLA;10;PODKŁAD;74;252;GDAŃSK
ADA;10;KREDKA;75;225;WARSZAWA
ADA;1;PODKŁAD;94;301;GDAŃSK
EWA;2;TUSZ;28;102;GDAŃSK
EWA;2;TUSZ;12;43;KATOWICE
ADA;6;TUSZ;10;40;WARSZAWA
ELA;9;BŁYSZCZYK;87;288;WROCŁAW
ADA;3;BŁYSZCZYK;94;274;WROCŁAW
ELA;9;SZMINKA;6;29;BYDGOSZCZ
OLA;12;PODKŁAD;1;6;BIAŁYSTOK
OLA;11;KREDKA;34;98;WROCŁAW
IGA;5;PODKŁAD;11;39;OPOLE
OLA;10;TUSZ;32;116;OPOLE
IGA;5;KREDKA;37;102;SZCZECIN
ALA;4;BŁYSZCZYK;28;80;BYDGOSZCZ
ALA;1;KREDKA;73;228;GDAŃSK
ULA;1;KREDKA;37;109;OPOLE
ADA;5;SZMINKA;75;310;POZNAŃ
OLA;4;PODKŁAD;14;44;POZNAŃ
EWA;8;BŁYSZCZYK;10;30;LUBLIN
IGA;11;SZMINKA;93;420;WROCŁAW
IGA;3;TUSZ;21;85;WROCŁAW
OLA;1;BŁYSZCZYK;69;222;SZCZECIN
ULA;2;KREDKA;24;77;POZNAŃ
OLA;8;KREDKA;73;241;BIAŁYSTOK
OLA;12;KREDKA;65;201;KIELCE
IZA;5;PODKŁAD;61;198;WARSZAWA
ULA;2;SZMINKA;40;160;GDAŃSK
IGA;10;SZMINKA;67;270;KRAKÓW
EWA;8;KREDKA;10;32;WARSZAWA
EWA;12;KREDKA;52;147;SZCZECIN
ELA;8;BŁYSZCZYK;30;87;KIELCE
EWA;5;TUSZ;64;212;GDAŃSK
EWA;1;BŁYSZCZYK;28;84;SZCZECIN
ALA;11;PODKŁAD;47;137;BIAŁYSTOK
ELA;4;BŁYSZCZYK;89;274;LUBLIN
ELA;2;KREDKA;32;106;GDAŃSK
ADA;3;PODKŁAD;81;279;SZCZECIN
EWA;7;BŁYSZCZYK;47;133;WROCŁAW
ADA;4;PODKŁAD;8;27;BIAŁYSTOK
IZA;7;TUSZ;54;186;POZNAŃ
IGA;2;TUSZ;79;270;ZIELONAGÓRA
ALA;11;BŁYSZCZYK;6;22;RZESZÓW
EWA;10;TUSZ;74;278;OLSZTYN
IZA;11;KREDKA;63;203;WARSZAWA
ADA;12;BŁYSZCZYK;38;112;SZCZECIN
IGA;7;KREDKA;40;123;OPOLE
ELA;11;BŁYSZCZYK;89;292;WROCŁAW
ALA;5;BŁYSZCZYK;29;91;OPOLE
ADA;11;PODKŁAD;9;28;BIAŁYSTOK
ALA;12;TUSZ;8;30;LUBLIN
ALA;5;BŁYSZCZYK;68;201;OLSZTYN
IZA;10;TUSZ;45;172;WARSZAWA
ELA;12;PODKŁAD;80;233;KATOWICE
ELA;7;TUSZ;61;225;WARSZAWA
IGA;8;TUSZ;93;319;BIAŁYSTOK
OLA;8;SZMINKA;24;101;BIAŁYSTOK
ADA;3;KREDKA;49;155;LUBLIN
ULA;11;PODKŁAD;58;178;OPOLE
ADA;7;PODKŁAD;14;47;OPOLE
ULA;7;KREDKA;14;46;BYDGOSZCZ
ELA;6;PODKŁAD;69;220;OPOLE
ADA;12;TUSZ;26;99;WROCŁAW
IGA;11;KREDKA;88;245;OLSZTYN
IGA;6;KREDKA;87;282;KATOWICE
IZA;9;PODKŁAD;71;214;OPOLE
ALA;12;BŁYSZCZYK;8;27;LUBLIN
ADA;6;BŁYSZCZYK;40;123;GDAŃSK
EWA;11;BŁYSZCZYK;13;46;KIELCE
OLA;1;PODKŁAD;62;192;RZESZÓW
OLA;10;PODKŁAD;81;238;OPOLE
EWA;12;KREDKA;30;101;OPOLE
OLA;6;PODKŁAD;17;57;POZNAŃ
ULA;3;PODKŁAD;50;150;BYDGOSZCZ
ULA;11;PODKŁAD;63;195;OLSZTYN
ULA;5;PODKŁAD;46;134;OPOLE
OLA;3;TUSZ;44;147;POZNAŃ
OLA;6;KREDKA;80;245;SZCZECIN
ADA;1;KREDKA;19;57;WARSZAWA
IZA;4;KREDKA;67;206;POZNAŃ
OLA;2;KREDKA;39;120;OPOLE
ALA;10;KREDKA;66;201;KATOWICE
IZA;7;PODKŁAD;15;45;WROCŁAW
ADA;9;PODKŁAD;84;260;GDAŃSK
ALA;4;PODKŁAD;34;120;KATOWICE
ALA;11;TUSZ;6;25;POZNAŃ
IZA;9;KREDKA;3;11;WARSZAWA
OLA;10;PODKŁAD;39;116;KRAKÓW
ELA;3;KREDKA;90;259;GDAŃSK
ELA;4;SZMINKA;84;350;LUBLIN
IGA;5;TUSZ;55;200;ZIELONAGÓRA
ELA;1;KREDKA;67;199;OLSZTYN
EWA;12;KREDKA;33;91;BYDGOSZCZ
OLA;6;KREDKA;79;228;WARSZAWA
IGA;4;BŁYSZCZYK;16;49;KATOWICE
ELA;11;KREDKA;39;128;OPOLE
IGA;6;PODKŁAD;53;179;GDAŃSK
ADA;12;BŁYSZCZYK;24;71;WROCŁAW
IZA;3;SZMINKA;37;159;BIAŁYSTOK
IGA;10;TUSZ;55;205;OPOLE
ULA;11;TUSZ;87;288;KIELCE
IGA;11;SZMINKA;17;70;WARSZAWA
ELA;4;PODKŁAD;62;193;WROCŁAW
ELA;8;PODKŁAD;56;179;RZESZÓW
ULA;10;PODKŁAD;79;247;POZNAŃ
EWA;5;PODKŁAD;76;222;KIELCE
OLA;3;BŁYSZCZYK;37;115;BYDGOSZCZ
ELA;3;TUSZ;58;213;WROCŁAW
IGA;11;PODKŁAD;78;266;OPOLE
ADA;3;PODKŁAD;76;221;OLSZTYN
ELA;11;PODKŁAD;14;45;RZESZÓW
EWA;1;KREDKA;94;297;OPOLE
EWA;1;SZMINKA;79;313;KATOWICE
ADA;2;BŁYSZCZYK;2;9;BYDGOSZCZ
ULA;8;TUSZ;26;100;BYDGOSZCZ
ALA;9;BŁYSZCZYK;2;8;ZIELONAGÓRA
IGA;6;KREDKA;19;56;WROCŁAW
ULA;4;PODKŁAD;34;114;WROCŁAW
ULA;10;TUSZ;68;260;OPOLE
IGA;4;SZMINKA;70;326;GDAŃSK
ADA;11;KREDKA;86;254;LUBLIN
ULA;8;KREDKA;85;276;LUBLIN
IGA;1;PODKŁAD;73;237;LUBLIN
EWA;11;PODKŁAD;71;212;WROCŁAW
ULA;5;KREDKA;83;274;BYDGOSZCZ
IGA;8;TUSZ;89;355;OPOLE
EWA;4;BŁYSZCZYK;37;111;GDAŃSK
OLA;2;BŁYSZCZYK;73;207;RZESZÓW
ULA;9;PODKŁAD;38;124;ŁÓDŹ
OLA;2;PODKŁAD;8;27;ŁÓDŹ
ADA;7;TUSZ;2;10;ŁÓDŹ
IZA;7;SZMINKA;79;345;RZESZÓW
ELA;6;TUSZ;71;251;ŁÓDŹ
ADA;9;KREDKA;14;41;WARSZAWA
ELA;1;KREDKA;25;82;SZCZECIN
OLA;9;KREDKA;31;99;LUBLIN
IGA;12;SZMINKA;51;209;BIAŁYSTOK
IGA;2;TUSZ;62;219;POZNAŃ
ELA;7;BŁYSZCZYK;1;5;RZESZÓW
EWA;8;KREDKA;83;230;RZESZÓW
IZA;10;BŁYSZCZYK;38;127;WROCŁAW
IZA;5;PODKŁAD;49;158;WROCŁAW
IGA;9;BŁYSZCZYK;66;184;LUBLIN
ADA;7;SZMINKA;57;262;LUBLIN
ALA;3;PODKŁAD;52;174;ŁÓDŹ
EWA;3;SZMINKA;11;49;OPOLE
OLA;10;PODKŁAD;73;240;POZNAŃ
ELA;8;BŁYSZCZYK;6;22;OPOLE
ULA;11;SZMINKA;12;59;POZNAŃ
ALA;10;KREDKA;61;175;WARSZAWA
ALA;7;BŁYSZCZYK;78;234;LUBLIN
IZA;1;PODKŁAD;27;93;KRAKÓW
OLA;12;KREDKA;83;246;ŁÓDŹ
EWA;8;BŁYSZCZYK;24;68;GDAŃSK
ADA;2;KREDKA;76;211;GDAŃSK
IGA;1;SZMINKA;71;274;OLSZTYN
IGA;10;BŁYSZCZYK;42;124;KRAKÓW
EWA;10;BŁYSZCZYK;8;26;GDAŃSK
EWA;9;SZMINKA;88;400;KATOWICE
IZA;9;BŁYSZCZYK;36;110;WROCŁAW
IGA;8;PODKŁAD;18;54;GDAŃSK
IZA;4;BŁYSZCZYK;26;74;BIAŁYSTOK
ULA;12;KREDKA;65;179;BIAŁYSTOK
IZA;11;KREDKA;4;15;RZESZÓW
EWA;1;KREDKA;44;140;WARSZAWA
ALA;6;PODKŁAD;33;111;ŁÓDŹ
ADA;7;TUSZ;71;247;POZNAŃ
IGA;2;BŁYSZCZYK;53;165;OPOLE
ELA;7;KREDKA;2;9;GDAŃSK
ADA;9;TUSZ;13;52;GDAŃSK
IZA;2;KREDKA;6;20;GDAŃSK
OLA;8;SZMINKA;45;182;WROCŁAW
ELA;9;PODKŁAD;6;22;RZESZÓW
ADA;1;PODKŁAD;39;134;OPOLE
EWA;2;KREDKA;6;21;OPOLE
ELA;2;KREDKA;34;113;OPOLE
OLA;10;PODKŁAD;69;214;OLSZTYN
ADA;3;BŁYSZCZYK;62;174;OPOLE
ELA;7;SZMINKA;8;40;SZCZECIN
ADA;12;BŁYSZCZYK;40;131;LUBLIN
IZA;11;KREDKA;72;211;LUBLIN
IGA;10;KREDKA;73;243;ZIELONAGÓRA
EWA;4;KREDKA;83;261;LUBLIN
ADA;8;BŁYSZCZYK;24;77;POZNAŃ
ADA;10;SZMINKA;18;85;OPOLE
IZA;5;BŁYSZCZYK;7;25;GDAŃSK
IZA;7;PODKŁAD;20;65;KIELCE
ADA;11;KREDKA;15;51;SZCZECIN
ADA;4;PODKŁAD;40;133;LUBLIN
ELA;10;KREDKA;14;48;WROCŁAW
OLA;3;PODKŁAD;31;96;OPOLE
IZA;1;TUSZ;23;91;OPOLE
ULA;12;PODKŁAD;25;82;SZCZECIN
ALA;9;BŁYSZCZYK;69;203;POZNAŃ
OLA;6;BŁYSZCZYK;32;106;GDAŃSK
IGA;7;BŁYSZCZYK;56;182;GDAŃSK
OLA;3;TUSZ;17;69;LUBLIN
ALA;2;BŁYSZCZYK;40;121;ŁÓDŹ
IGA;1;KREDKA;57;164;KATOWICE
EWA;2;PODKŁAD;48;160;LUBLIN
ALA;3;BŁYSZCZYK;27;76;WROCŁAW
ALA;5;SZMINKA;92;375;WARSZAWA
OLA;9;KREDKA;83;265;WARSZAWA
ULA;11;TUSZ;51;185;WROCŁAW
OLA;1;PODKŁAD;57;189;KRAKÓW
ULA;8;TUSZ;89;306;WROCŁAW
OLA;7;SZMINKA;88;337;POZNAŃ
ELA;4;BŁYSZCZYK;28;91;GDAŃSK
ALA;5;PODKŁAD;46;156;KIELCE
ADA;1;TUSZ;49;189;KATOWICE
ULA;1;KREDKA;83;260;LUBLIN
OLA;7;PODKŁAD;76;247;BYDGOSZCZ
ELA;3;TUSZ;17;69;GDAŃSK
EWA;2;TUSZ;26;98;GDAŃSK
EWA;5;KREDKA;91;256;WROCŁAW
ELA;4;BŁYSZCZYK;80;259;OLSZTYN
EWA;10;PODKŁAD;29;101;GDAŃSK
OLA;5;KREDKA;62;191;OPOLE
EWA;12;BŁYSZCZYK;25;79;BYDGOSZCZ
ALA;9;TUSZ;43;149;KATOWICE
ADA;7;KREDKA;35;102;SZCZECIN
ADA;9;TUSZ;46;164;KRAKÓW
OLA;4;BŁYSZCZYK;3;11;GDAŃSK
ULA;10;KREDKA;51;164;KATOWICE
ELA;12;PODKŁAD;74;232;GDAŃSK
ULA;2;PODKŁAD;60;174;ZIELONAGÓRA
OLA;1;TUSZ;75;273;GDAŃSK
IGA;5;TUSZ;94;317;WARSZAWA
EWA;4;PODKŁAD;83;278;OLSZTYN
ADA;5;TUSZ;84;290;OLSZTYN
ELA;12;KREDKA;16;49;LUBLIN
ELA;2;TUSZ;51;179;OPOLE
IGA;10;KREDKA;82;225;KATOWICE
EWA;2;KREDKA;22;62;ZIELONAGÓRA
ADA;4;TUSZ;9;34;SZCZECIN
EWA;8;PODKŁAD;93;277;OLSZTYN
EWA;4;TUSZ;25;85;ŁÓDŹ
EWA;6;PODKŁAD;61;204;WARSZAWA
EWA;11;BŁYSZCZYK;83;237;SZCZECIN
IZA;12;BŁYSZCZYK;40;133;ŁÓDŹ
EWA;3;TUSZ;35;141;KRAKÓW
IZA;12;PODKŁAD;53;167;ŁÓDŹ
EWA;2;TUSZ;27;109;KATOWICE
IGA;12;BŁYSZCZYK;83;237;SZCZECIN
EWA;9;PODKŁAD;39;114;WARSZAWA
OLA;12;PODKŁAD;81;246;ŁÓDŹ
ADA;12;PODKŁAD;81;262;ZIELONAGÓRA
OLA;10;TUSZ;13;51;POZNAŃ
EWA;2;BŁYSZCZYK;43;122;GDAŃSK
OLA;5;TUSZ;79;307;POZNAŃ
OLA;2;TUSZ;81;317;KIELCE
IZA;10;TUSZ;52;197;GDAŃSK
IGA;12;TUSZ;4;17;POZNAŃ
ADA;12;TUSZ;29;107;WROCŁAW
IZA;11;SZMINKA;11;45;WROCŁAW
ELA;12;PODKŁAD;78;240;OLSZTYN
ELA;2;KREDKA;4;14;GDAŃSK
ADA;10;PODKŁAD;40;123;WROCŁAW
ULA;8;TUSZ;89;294;GDAŃSK
IZA;8;KREDKA;37;116;GDAŃSK
EWA;4;PODKŁAD;39;121;GDAŃSK
ULA;8;KREDKA;50;138;GDAŃSK
OLA;3;KREDKA;14;45;WROCŁAW
ELA;5;KREDKA;6;20;OPOLE
ADA;3;PODKŁAD;43;128;OPOLE
ADA;9;KREDKA;88;276;ZIELONAGÓRA
ELA;6;PODKŁAD;47;146;OPOLE
ADA;4;BŁYSZCZYK;19;62;WROCŁAW
EWA;7;PODKŁAD;42;129;GDAŃSK
ALA;11;KREDKA;1;4;BIAŁYSTOK
OLA;5;BŁYSZCZYK;69;198;WARSZAWA
ALA;9;SZMINKA;51;219;WARSZAWA
IGA;4;TUSZ;13;52;LUBLIN
ELA;5;PODKŁAD;11;35;WROCŁAW
IGA;2;SZMINKA;9;38;KIELCE
OLA;2;PODKŁAD;9;29;WROCŁAW
EWA;2;PODKŁAD;63;182;ŁÓDŹ
IGA;3;KREDKA;20;57;POZNAŃ
IZA;3;PODKŁAD;1;5;LUBLIN
OLA;12;KREDKA;53;151;LUBLIN
ULA;7;KREDKA;30;90;KRAKÓW
ULA;6;BŁYSZCZYK;83;274;POZNAŃ
OLA;7;KREDKA;45;132;POZNAŃ
ULA;5;TUSZ;21;73;OLSZTYN
OLA;12;TUSZ;28;106;POZNAŃ
ULA;6;BŁYSZCZYK;95;278;BYDGOSZCZ
ULA;11;BŁYSZCZYK;59;164;OPOLE
ULA;8;SZMINKA;31;130;ZIELONAGÓRA
OLA;11;TUSZ;56;186;KIELCE
EWA;1;TUSZ;56;216;ŁÓDŹ
ELA;4;KREDKA;51;141;WROCŁAW
ADA;7;KREDKA;59;188;WROCŁAW
OLA;3;KREDKA;5;16;BIAŁYSTOK
IZA;2;TUSZ;94;355;OLSZTYN
IZA;12;KREDKA;8;24;BYDGOSZCZ
ELA;3;PODKŁAD;58;200;ZIELONAGÓRA
ADA;2;KREDKA;22;75;WROCŁAW
ELA;5;SZMINKA;10;49;OLSZTYN
ALA;4;TUSZ;11;40;WARSZAWA
ELA;6;SZMINKA;54;221;RZESZÓW
IZA;1;TUSZ;21;78;WARSZAWA
IZA;2;TUSZ;93;345;LUBLIN
IGA;11;PODKŁAD;27;90;OPOLE
ADA;11;PODKŁAD;34;113;WROCŁAW
IZA;7;TUSZ;80;314;WARSZAWA
ALA;9;TUSZ;38;133;RZESZÓW
ULA;4;KREDKA;86;270;LUBLIN
ALA;7;PODKŁAD;5;17;RZESZÓW
ALA;4;BŁYSZCZYK;22;70;WARSZAWA
ALA;11;PODKŁAD;20;64;POZNAŃ
ELA;10;PODKŁAD;27;83;KATOWICE
OLA;3;BŁYSZCZYK;4;14;WROCŁAW
ULA;7;KREDKA;95;293;KATOWICE
ULA;7;TUSZ;94;336;BIAŁYSTOK
IGA;10;TUSZ;74;282;OPOLE
EWA;11;BŁYSZCZYK;57;159;SZCZECIN
EWA;5;BŁYSZCZYK;13;40;GDAŃSK
ALA;4;PODKŁAD;73;217;SZCZECIN
IZA;7;PODKŁAD;34;105;OLSZTYN
EWA;6;KREDKA;45;129;KATOWICE
ULA;9;SZMINKA;71;303;BYDGOSZCZ
ELA;7;BŁYSZCZYK;12;39;GDAŃSK
IZA;10;TUSZ;81;310;POZNAŃ
IZA;5;PODKŁAD;75;231;KATOWICE
IGA;3;TUSZ;70;257;LUBLIN
ALA;2;PODKŁAD;20;60;LUBLIN
ADA;4;KREDKA;52;151;WARSZAWA
ELA;3;SZMINKA;5;26;OPOLE
ELA;4;SZMINKA;84;367;POZNAŃ
EWA;6;PODKŁAD;76;245;GDAŃSK
ULA;1;PODKŁAD;38;132;OLSZTYN
ADA;8;PODKŁAD;23;78;OPOLE
ALA;10;SZMINKA;79;360;BYDGOSZCZ
IZA;7;KREDKA;11;38;OLSZTYN
ALA;5;TUSZ;90;340;LUBLIN
ELA;11;KREDKA;38;120;GDAŃSK
EWA;1;KREDKA;75;216;KIELCE
IZA;10;KREDKA;62;191;OLSZTYN
ADA;8;BŁYSZCZYK;79;234;POZNAŃ
ADA;12;PODKŁAD;93;298;ZIELONAGÓRA
ALA;7;KREDKA;52;149;BYDGOSZCZ
EWA;4;SZMINKA;27;122;KRAKÓW
EWA;5;BŁYSZCZYK;17;51;WARSZAWA
ULA;1;SZMINKA;80;321;RZESZÓW
IGA;7;PODKŁAD;30;96;ŁÓDŹ
ADA;5;TUSZ;85;302;LUBLIN
IZA;12;TUSZ;20;79;LUBLIN
ALA;6;TUSZ;92;328;GDAŃSK
EWA;1;BŁYSZCZYK;25;78;KATOWICE
IZA;3;SZMINKA;28;115;WARSZAWA
ALA;11;BŁYSZCZYK;78;234;BYDGOSZCZ
ALA;12;PODKŁAD;47;161;WROCŁAW
IZA;5;BŁYSZCZYK;30;97;LUBLIN
IZA;1;KREDKA;90;246;LUBLIN
ADA;9;KREDKA;9;27;WROCŁAW
ELA;5;PODKŁAD;78;260;BIAŁYSTOK
ADA;7;TUSZ;84;303;BYDGOSZCZ
ADA;5;KREDKA;89;292;SZCZECIN
OLA;1;BŁYSZCZYK;32;106;RZESZÓW
ALA;10;BŁYSZCZYK;22;73;GDAŃSK
OLA;10;TUSZ;48;191;WARSZAWA
EWA;1;SZMINKA;5;25;BYDGOSZCZ
EWA;5;PODKŁAD;94;295;BYDGOSZCZ
OLA;5;BŁYSZCZYK;69;221;WROCŁAW
ALA;10;BŁYSZCZYK;55;166;OPOLE
ULA;12;KREDKA;59;193;WROCŁAW
ELA;9;KREDKA;14;48;KATOWICE
IGA;12;TUSZ;19;75;SZCZECIN
ELA;12;KREDKA;26;73;RZESZÓW
ULA;11;PODKŁAD;80;250;POZNAŃ
OLA;5;SZMINKA;67;269;LUBLIN
OLA;10;KREDKA;89;250;ZIELONAGÓRA
OLA;3;KREDKA;34;109;WROCŁAW
EWA;9;SZMINKA;34;139;WARSZAWA
ELA;6;KREDKA;91;294;ZIELONAGÓRA
IGA;8;BŁYSZCZYK;13;44;KATOWICE
ALA;3;BŁYSZCZYK;33;107;POZNAŃ
OLA;8;PODKŁAD;72;210;LUBLIN
ELA;5;TUSZ;67;261;POZNAŃ
EWA;8;TUSZ;33;112;BYDGOSZCZ
ULA;9;BŁYSZCZYK;24;68;KATOWICE
IGA;8;TUSZ;43;155;BIAŁYSTOK
ELA;12;BŁYSZCZYK;72;198;BIAŁYSTOK
EWA;4;BŁYSZCZYK;38;110;ZIELONAGÓRA
EWA;4;KREDKA;63;206;POZNAŃ
OLA;10;SZMINKA;61;271;KATOWICE
ALA;9;SZMINKA;83;385;LUBLIN
OLA;2;BŁYSZCZYK;55;163;WARSZAWA
ELA;9;TUSZ;58;196;GDAŃSK
ULA;7;TUSZ;16;59;ZIELONAGÓRA
ALA;5;KREDKA;59;171;POZNAŃ
ALA;8;PODKŁAD;16;47;ŁÓDŹ
ADA;1;KREDKA;88;269;OPOLE
ELA;6;KREDKA;3;12;ŁÓDŹ
ULA;5;TUSZ;89;337;ŁÓDŹ
EWA;7;TUSZ;54;187;LUBLIN
OLA;9;KREDKA;22;70;GDAŃSK
IGA;7;TUSZ;62;228;WROCŁAW
ADA;4;KREDKA;35;103;ZIELONAGÓRA
IZA;11;PODKŁAD;10;30;WROCŁAW
IGA;12;SZMINKA;22;97;OPOLE
IGA;3;TUSZ;90;323;LUBLIN
IGA;6;KREDKA;25;77;GDAŃSK
ULA;1;BŁYSZCZYK;79;263;OPOLE
ELA;10;BŁYSZCZYK;1;5;WROCŁAW
ELA;11;BŁYSZCZYK;23;76;SZCZECIN
ELA;6;TUSZ;12;50;WROCŁAW
ALA;4;SZMINKA;5;24;ŁÓDŹ
EWA;10;KREDKA;74;215;WROCŁAW
ADA;3;BŁYSZCZYK;3;10;LUBLIN
OLA;5;TUSZ;52;197;KIELCE
IGA;5;PODKŁAD;8;28;GDAŃSK
ELA;4;KREDKA;94;259;POZNAŃ
OLA;3;SZMINKA;91;371;KRAKÓW
OLA;6;KREDKA;48;151;BIAŁYSTOK
IZA;7;BŁYSZCZYK;45;130;ZIELONAGÓRA
ALA;3;PODKŁAD;88;256;POZNAŃ
ALA;3;KREDKA;55;177;GDAŃSK
ELA;9;PODKŁAD;91;279;WARSZAWA
ULA;2;BŁYSZCZYK;65;201;OPOLE
ULA;8;PODKŁAD;56;162;WROCŁAW
IGA;11;KREDKA;12;41;WROCŁAW
ULA;1;BŁYSZCZYK;56;166;GDAŃSK
OLA;6;KREDKA;59;162;WROCŁAW
ADA;4;TUSZ;85;307;OPOLE
ADA;4;BŁYSZCZYK;60;198;BIAŁYSTOK
ADA;11;KREDKA;76;218;POZNAŃ
IZA;8;BŁYSZCZYK;86;261;POZNAŃ
IGA;9;TUSZ;21;85;POZNAŃ
ULA;11;BŁYSZCZYK;41;112;LUBLIN
ADA;12;BŁYSZCZYK;59;185;OPOLE
EWA;12;KREDKA;29;86;SZCZECIN
ALA;12;SZMINKA;42;173;POZNAŃ
OLA;3;SZMINKA;36;153;GDAŃSK
ALA;11;SZMINKA;30;139;KATOWICE
EWA;5;SZMINKA;47;203;POZNAŃ
ADA;9;BŁYSZCZYK;53;160;BIAŁYSTOK
ADA;7;PODKŁAD;13;45;ŁÓDŹ
IGA;12;PODKŁAD;15;47;OPOLE
OLA;2;TUSZ;15;62;LUBLIN
IGA;12;KREDKA;51;147;SZCZECIN
IGA;7;TUSZ;17;71;BIAŁYSTOK
IZA;11;KREDKA;11;32;OLSZTYN
OLA;5;PODKŁAD;19;66;OPOLE
ELA;11;TUSZ;17;59;BIAŁYSTOK
IGA;10;BŁYSZCZYK;70;229;OPOLE
IGA;10;TUSZ;34;137;WROCŁAW
EWA;7;TUSZ;11;40;GDAŃSK
ADA;12;TUSZ;29;116;OPOLE
EWA;6;KREDKA;47;134;KRAKÓW
ELA;6;KREDKA;22;67;GDAŃSK
IGA;2;TUSZ;29;98;GDAŃSK
ALA;1;TUSZ;27;102;GDAŃSK
OLA;4;BŁYSZCZYK;35;109;OPOLE
ULA;10;PODKŁAD;94;286;RZESZÓW
IGA;3;TUSZ;35;125;KIELCE
ELA;2;TUSZ;21;78;OPOLE
EWA;9;KREDKA;56;166;KRAKÓW
IZA;5;KREDKA;51;168;ŁÓDŹ
ELA;2;PODKŁAD;43;125;BYDGOSZCZ
OLA;3;PODKŁAD;88;302;LUBLIN
IZA;2;TUSZ;72;273;LUBLIN
ELA;5;TUSZ;72;260;GDAŃSK
ELA;5;BŁYSZCZYK;73;240;OPOLE
IGA;3;KREDKA;21;65;ŁÓDŹ
IGA;6;PODKŁAD;31;91;ŁÓDŹ
ULA;12;KREDKA;65;180;OLSZTYN
IZA;4;PODKŁAD;37;111;WARSZAWA
IZA;12;KREDKA;72;216;OPOLE
ELA;9;KREDKA;4;15;LUBLIN
ULA;8;KREDKA;78;259;WARSZAWA
EWA;10;PODKŁAD;93;294;POZNAŃ
ULA;8;KREDKA;55;166;GDAŃSK
ALA;10;SZMINKA;62;259;OPOLE
ALA;1;KREDKA;69;220;OPOLE
EWA;1;BŁYSZCZYK;25;78;KATOWICE
ULA;9;BŁYSZCZYK;32;91;WARSZAWA
ULA;6;TUSZ;12;43;KATOWICE
OLA;1;KREDKA;85;241;GDAŃSK
IZA;7;SZMINKA;78;361;BIAŁYSTOK
ULA;8;BŁYSZCZYK;13;39;KATOWICE
ULA;2;SZMINKA;8;35;OLSZTYN
IZA;12;SZMINKA;18;78;ŁÓDŹ
ALA;12;TUSZ;9;37;OLSZTYN
IZA;7;KREDKA;49;146;WARSZAWA
EWA;2;TUSZ;22;89;ŁÓDŹ
IZA;6;TUSZ;49;184;WARSZAWA
IZA;1;KREDKA;73;215;BYDGOSZCZ
EWA;11;BŁYSZCZYK;88;245;SZCZECIN
ALA;9;PODKŁAD;27;81;LUBLIN
ELA;1;PODKŁAD;67;195;KATOWICE
IZA;11;TUSZ;78;269;KRAKÓW
ELA;1;BŁYSZCZYK;12;37;OLSZTYN
IZA;8;BŁYSZCZYK;92;280;LUBLIN
IZA;10;BŁYSZCZYK;81;268;OPOLE
ELA;5;SZMINKA;56;228;RZESZÓW
IGA;12;SZMINKA;35;155;WROCŁAW
IGA;4;KREDKA;11;35;BYDGOSZCZ
ELA;11;BŁYSZCZYK;62;186;LUBLIN
IGA;6;BŁYSZCZYK;63;185;WARSZAWA
OLA;10;TUSZ;29;116;OPOLE
ELA;12;TUSZ;19;77;GDAŃSK
EWA;4;KREDKA;66;210;KATOWICE
ALA;12;TUSZ;86;327;POZNAŃ
ELA;9;TUSZ;81;300;WROCŁAW
IZA;12;KREDKA;54;162;GDAŃSK
EWA;10;SZMINKA;18;86;GDAŃSK
ELA;7;TUSZ;87;291;POZNAŃ
OLA;10;KREDKA;70;217;ŁÓDŹ
IZA;7;TUSZ;32;124;GDAŃSK
ALA;4;KREDKA;23;76;GDAŃSK
ADA;11;PODKŁAD;94;276;WARSZAWA
ULA;6;BŁYSZCZYK;51;150;OPOLE
ALA;9;PODKŁAD;77;235;BYDGOSZCZ
ALA;11;PODKŁAD;13;39;GDAŃSK
OLA;4;PODKŁAD;76;248;BYDGOSZCZ
ADA;2;KREDKA;25;74;ŁÓDŹ
ULA;10;SZMINKA;91;423;LUBLIN
IGA;4;TUSZ;54;190;WROCŁAW
IZA;5;TUSZ;90;344;LUBLIN
ELA;4;SZMINKA;33;148;SZCZECIN
EWA;9;SZMINKA;77;341;OLSZTYN
IGA;9;TUSZ;40;147;LUBLIN
ALA;9;PODKŁAD;10;33;SZCZECIN
ELA;4;SZMINKA;19;89;WARSZAWA
ELA;11;TUSZ;59;220;WROCŁAW
OLA;9;KREDKA;86;278;BIAŁYSTOK
IGA;8;KREDKA;90;268;LUBLIN
ADA;6;SZMINKA;76;312;WARSZAWA
IZA;12;BŁYSZCZYK;57;170;POZNAŃ
IZA;3;BŁYSZCZYK;7;22;ZIELONAGÓRA
IGA;8;BŁYSZCZYK;20;65;OPOLE
EWA;11;SZMINKA;53;212;ŁÓDŹ
OLA;5;KREDKA;84;273;SZCZECIN
ELA;8;TUSZ;39;136;BIAŁYSTOK
ELA;2;KREDKA;1;4;OPOLE
ELA;7;KREDKA;58;160;WARSZAWA
ALA;11;TUSZ;81;319;KATOWICE
OLA;6;TUSZ;93;329;OPOLE
IGA;7;KREDKA;75;249;KRAKÓW
OLA;2;PODKŁAD;36;106;ZIELONAGÓRA
IGA;3;BŁYSZCZYK;37;104;BYDGOSZCZ
OLA;7;KREDKA;80;228;GDAŃSK
ALA;6;KREDKA;15;51;GDAŃSK
IGA;7;BŁYSZCZYK;89;259;GDAŃSK
EWA;1;TUSZ;84;327;KRAKÓW
IZA;4;KREDKA;51;166;OLSZTYN
IGA;6;SZMINKA;70;297;ŁÓDŹ
ELA;9;TUSZ;19;68;WROCŁAW
EWA;1;KREDKA;45;145;OPOLE
EWA;6;PODKŁAD;60;173;POZNAŃ
ALA;3;PODKŁAD;54;161;WROCŁAW
IGA;9;SZMINKA;36;168;OPOLE
ULA;2;KREDKA;11;35;OPOLE
ELA;12;KREDKA;74;246;ŁÓDŹ
ALA;6;PODKŁAD;26;83;GDAŃSK
ELA;12;BŁYSZCZYK;71;223;POZNAŃ
ELA;12;PODKŁAD;67;227;ŁÓDŹ
ELA;5;KREDKA;20;67;BIAŁYSTOK
OLA;5;PODKŁAD;29;93;OPOLE
EWA;6;TUSZ;42;140;BIAŁYSTOK
ADA;1;PODKŁAD;51;164;POZNAŃ
IZA;2;TUSZ;62;217;WARSZAWA
OLA;10;TUSZ;90;304;KATOWICE
EWA;8;SZMINKA;52;236;RZESZÓW
ULA;12;SZMINKA;62;259;LUBLIN
ULA;11;TUSZ;49;190;WROCŁAW
ULA;11;TUSZ;56;222;ŁÓDŹ
ALA;1;KREDKA;47;158;WARSZAWA
ADA;12;KREDKA;95;288;WARSZAWA
IZA;8;TUSZ;44;163;GDAŃSK
OLA;9;BŁYSZCZYK;12;36;ZIELONAGÓRA
EWA;9;KREDKA;28;80;LUBLIN
ALA;1;BŁYSZCZYK;14;46;SZCZECIN
ULA;5;BŁYSZCZYK;55;151;POZNAŃ
ULA;2;BŁYSZCZYK;33;103;WROCŁAW
ULA;10;TUSZ;61;225;OPOLE
IZA;4;SZMINKA;75;316;WROCŁAW
ALA;8;PODKŁAD;46;136;OPOLE
EWA;4;TUSZ;70;231;WARSZAWA
IZA;8;PODKŁAD;56;179;GDAŃSK
IGA;2;BŁYSZCZYK;37;114;GDAŃSK
OLA;2;PODKŁAD;79;257;OLSZTYN
ULA;4;KREDKA;65;185;WROCŁAW
IZA;4;BŁYSZCZYK;5;18;WROCŁAW
ALA;10;PODKŁAD;62;179;WROCŁAW
EWA;12;KREDKA;95;280;LUBLIN
ADA;12;PODKŁAD;39;123;GDAŃSK
ELA;4;SZMINKA;5;22;ZIELONAGÓRA
ULA;11;KREDKA;47;132;RZESZÓW
OLA;9;KREDKA;46;129;POZNAŃ
ULA;2;KREDKA;80;223;OLSZTYN
IZA;1;PODKŁAD;48;156;BIAŁYSTOK
ULA;2;KREDKA;42;138;ZIELONAGÓRA
IZA;1;PODKŁAD;59;205;POZNAŃ
ADA;1;KREDKA;30;89;OLSZTYN
IGA;12;KREDKA;53;147;LUBLIN
ULA;8;BŁYSZCZYK;74;211;GDAŃSK
IZA;4;KREDKA;87;261;WARSZAWA
ALA;2;SZMINKA;54;234;WARSZAWA
OLA;5;PODKŁAD;71;228;BYDGOSZCZ
IGA;8;TUSZ;16;61;KRAKÓW
ALA;1;SZMINKA;92;402;WROCŁAW
IGA;6;BŁYSZCZYK;31;100;GDAŃSK
ULA;10;SZMINKA;45;184;WARSZAWA
ALA;6;BŁYSZCZYK;40;113;ZIELONAGÓRA
ALA;10;TUSZ;1;5;OPOLE
ALA;8;TUSZ;89;347;OPOLE
IZA;7;SZMINKA;8;37;KATOWICE
ELA;2;KREDKA;54;168;OPOLE
EWA;10;SZMINKA;2;10;WROCŁAW
ALA;9;TUSZ;3;14;OPOLE
ADA;9;BŁYSZCZYK;85;281;ŁÓDŹ
ULA;5;PODKŁAD;55;188;SZCZECIN
ADA;4;TUSZ;45;162;SZCZECIN
EWA;2;BŁYSZCZYK;62;199;WROCŁAW
ELA;2;BŁYSZCZYK;31;97;RZESZÓW
ADA;12;BŁYSZCZYK;13;40;SZCZECIN
IGA;12;TUSZ;21;83;OPOLE
ALA;7;TUSZ;85;304;POZNAŃ
ELA;6;BŁYSZCZYK;92;271;KRAKÓW
IGA;7;KREDKA;81;229;WROCŁAW
EWA;11;KREDKA;70;225;OPOLE
ALA;1;TUSZ;66;251;WARSZAWA
ALA;3;BŁYSZCZYK;53;172;WARSZAWA
IGA;10;BŁYSZCZYK;40;132;GDAŃSK
OLA;11;SZMINKA;13;62;KATOWICE
OLA;3;KREDKA;86;283;WARSZAWA
ALA;12;TUSZ;85;308;WARSZAWA
ADA;10;PODKŁAD;79;267;WROCŁAW
IZA;6;SZMINKA;81;319;BYDGOSZCZ
ALA;2;KREDKA;8;24;GDAŃSK
ULA;7;BŁYSZCZYK;67;192;ŁÓDŹ
ULA;2;BŁYSZCZYK;7;25;KATOWICE
IZA;10;BŁYSZCZYK;43;132;BIAŁYSTOK
ULA;4;TUSZ;69;246;POZNAŃ
ELA;10;TUSZ;83;280;LUBLIN
EWA;2;TUSZ;55;180;OPOLE
ELA;11;BŁYSZCZYK;77;248;OPOLE
ALA;9;PODKŁAD;56;178;BYDGOSZCZ
ELA;9;KREDKA;94;286;OPOLE
IZA;5;BŁYSZCZYK;22;66;BYDGOSZCZ
ULA;1;BŁYSZCZYK;75;220;OPOLE
OLA;3;TUSZ;63;237;BIAŁYSTOK
EWA;3;PODKŁAD;94;277;BIAŁYSTOK
OLA;2;SZMINKA;4;19;OPOLE
IGA;10;TUSZ;22;75;RZESZÓW
IZA;2;PODKŁAD;19;58;POZNAŃ
IGA;1;KREDKA;72;229;OPOLE
OLA;4;BŁYSZCZYK;46;153;KATOWICE
IZA;5;BŁYSZCZYK;1;5;OPOLE
ALA;7;PODKŁAD;66;192;RZESZÓW
IZA;4;KREDKA;84;245;LUBLIN
EWA;5;SZMINKA;50;223;ŁÓDŹ
ELA;1;TUSZ;11;46;WARSZAWA
OLA;10;KREDKA;20;56;SZCZECIN
OLA;10;SZMINKA;13;58;BYDGOSZCZ
EWA;4;BŁYSZCZYK;45;129;KIELCE
EWA;3;KREDKA;29;97;POZNAŃ
ADA;2;SZMINKA;31;128;RZESZÓW
ALA;4;BŁYSZCZYK;8;24;KIELCE
EWA;12;SZMINKA;44;178;ZIELONAGÓRA
IGA;12;BŁYSZCZYK;79;237;ŁÓDŹ
ADA;9;KREDKA;2;7;GDAŃSK
EWA;11;TUSZ;36;135;KIELCE
IGA;7;PODKŁAD;95;313;OPOLE
ALA;8;TUSZ;9;38;GDAŃSK
EWA;1;KREDKA;42;115;OPOLE
IZA;5;BŁYSZCZYK;9;32;KRAKÓW
IZA;5;TUSZ;28;98;OPOLE
IGA;6;KREDKA;39;130;OLSZTYN
ADA;11;SZMINKA;25;109;ZIELONAGÓRA
ADA;4;KREDKA;84;234;OLSZTYN
ULA;4;TUSZ;6;23;WARSZAWA
ULA;10;BŁYSZCZYK;9;30;ZIELONAGÓRA
ULA;9;SZMINKA;69;320;KATOWICE
ELA;10;TUSZ;7;25;WROCŁAW
EWA;9;PODKŁAD;41;142;BYDGOSZCZ
OLA;4;KREDKA;7;23;LUBLIN
ULA;6;PODKŁAD;28;95;GDAŃSK
ADA;9;PODKŁAD;6;21;ŁÓDŹ
OLA;10;KREDKA;6;20;WARSZAWA
ULA;7;TUSZ;10;37;GDAŃSK
IGA;1;KREDKA;30;91;WARSZAWA
IZA;5;BŁYSZCZYK;11;36;WROCŁAW
ALA;1;KREDKA;75;231;BIAŁYSTOK
ADA;12;KREDKA;62;182;KATOWICE
IGA;9;PODKŁAD;84;289;GDAŃSK
ALA;11;TUSZ;30;118;WROCŁAW
IZA;4;KREDKA;93;278;LUBLIN
ULA;10;KREDKA;36;120;WARSZAWA
ADA;2;KREDKA;41;126;LUBLIN
ALA;3;SZMINKA;26;109;OPOLE
ALA;12;BŁYSZCZYK;48;136;WROCŁAW
IZA;3;KREDKA;58;185;KIELCE
ADA;9;TUSZ;2;9;KATOWICE
ELA;9;PODKŁAD;16;52;RZESZÓW
EWA;10;BŁYSZCZYK;22;65;LUBLIN
EWA;12;TUSZ;31;118;WARSZAWA
ELA;11;TUSZ;25;83;SZCZECIN
EWA;3;SZMINKA;31;134;BYDGOSZCZ
ADA;3;SZMINKA;90;404;BIAŁYSTOK
ULA;1;KREDKA;82;234;KIELCE
ELA;8;PODKŁAD;55;169;GDAŃSK
OLA;2;SZMINKA;32;131;POZNAŃ
IGA;9;TUSZ;94;325;WARSZAWA
EWA;7;KREDKA;94;274;WARSZAWA
ULA;2;KREDKA;1;4;ŁÓDŹ
ALA;2;KREDKA;67;183;POZNAŃ
IZA;10;KREDKA;27;91;POZNAŃ
IZA;2;PODKŁAD;81;242;GDAŃSK
IZA;5;BŁYSZCZYK;13;43;OPOLE
IGA;5;KREDKA;56;184;SZCZECIN
OLA;9;BŁYSZCZYK;81;266;OPOLE
ADA;1;KREDKA;77;240;POZNAŃ
IZA;1;TUSZ;20;80;ZIELONAGÓRA
ADA;4;TUSZ;82;310;OPOLE
ULA;11;TUSZ;53;176;POZNAŃ
ADA;3;BŁYSZCZYK;9;27;BYDGOSZCZ
IZA;7;BŁYSZCZYK;77;242;BYDGOSZCZ
ELA;6;PODKŁAD;19;67;WROCŁAW
IGA;3;BŁYSZCZYK;32;98;GDAŃSK
ULA;6;BŁYSZCZYK;48;145;POZNAŃ
IZA;11;TUSZ;93;326;WROCŁAW
ULA;2;PODKŁAD;20;61;GDAŃSK
OLA;1;TUSZ;46;184;GDAŃSK
OLA;12;BŁYSZCZYK;33;107;WROCŁAW
ULA;8;PODKŁAD;95;278;LUBLIN
IZA;9;TUSZ;11;43;LUBLIN
OLA;9;TUSZ;45;175;WROCŁAW
IGA;11;TUSZ;89;296;OLSZTYN
ADA;5;SZMINKA;25;108;RZESZÓW
EWA;9;SZMINKA;43;199;GDAŃSK
ELA;7;PODKŁAD;9;28;BIAŁYSTOK
OLA;2;PODKŁAD;17;60;OPOLE
OLA;10;BŁYSZCZYK;67;220;GDAŃSK
ELA;9;SZMINKA;68;261;OPOLE
ELA;10;BŁYSZCZYK;82;235;OPOLE
IGA;1;BŁYSZCZYK;7;25;POZNAŃ
ALA;8;KREDKA;65;215;KRAKÓW
IZA;12;BŁYSZCZYK;47;144;SZCZECIN
OLA;5;TUSZ;33;112;ZIELONAGÓRA
OLA;11;BŁYSZCZYK;65;204;BYDGOSZCZ
IGA;9;SZMINKA;50;223;GDAŃSK
OLA;8;KREDKA;13;44;BYDGOSZCZ
IZA;10;SZMINKA;42;170;LUBLIN
IZA;10;SZMINKA;63;287;KATOWICE
ADA;10;BŁYSZCZYK;26;82;OLSZTYN
EWA;3;TUSZ;7;30;OLSZTYN
IZA;1;SZMINKA;52;210;POZNAŃ
EWA;5;PODKŁAD;10;31;WROCŁAW
ULA;10;KREDKA;13;38;WROCŁAW
IGA;10;TUSZ;83;299;RZESZÓW
ELA;3;KREDKA;87;246;OPOLE
ELA;3;KREDKA;38;106;BYDGOSZCZ
OLA;4;TUSZ;51;201;OPOLE
IZA;5;TUSZ;18;63;WARSZAWA
IZA;7;BŁYSZCZYK;46;131;OPOLE
ALA;5;PODKŁAD;32;109;WARSZAWA
ULA;3;PODKŁAD;25;81;KATOWICE
ALA;11;PODKŁAD;92;310;ŁÓDŹ
IGA;7;PODKŁAD;83;269;POZNAŃ
ALA;7;SZMINKA;10;49;OPOLE
ULA;11;BŁYSZCZYK;88;271;OPOLE
ALA;11;SZMINKA;10;45;KIELCE
IZA;11;TUSZ;66;258;OLSZTYN
ALA;11;TUSZ;80;292;KATOWICE
ADA;3;TUSZ;5;20;OPOLE
IZA;10;TUSZ;2;9;KATOWICE
EWA;1;BŁYSZCZYK;73;205;BIAŁYSTOK
IGA;9;TUSZ;19;67;OPOLE
IGA;8;TUSZ;18;64;GDAŃSK
EWA;12;PODKŁAD;4;14;WROCŁAW
ADA;3;KREDKA;48;156;POZNAŃ
ADA;10;TUSZ;22;83;OLSZTYN
IZA;7;PODKŁAD;42;147;POZNAŃ
ALA;12;TUSZ;64;255;BIAŁYSTOK
ULA;1;TUSZ;17;58;KRAKÓW
ALA;2;KREDKA;23;71;POZNAŃ
OLA;11;SZMINKA;50;205;LUBLIN
EWA;1;BŁYSZCZYK;13;40;WARSZAWA
EWA;8;BŁYSZCZYK;15;46;RZESZÓW
ELA;5;BŁYSZCZYK;48;133;GDAŃSK
OLA;6;KREDKA;40;112;POZNAŃ
ADA;12;PODKŁAD;56;170;OPOLE
ELA;4;BŁYSZCZYK;9;27;KIELCE
ELA;8;KREDKA;11;34;RZESZÓW
ADA;2;BŁYSZCZYK;61;168;GDAŃSK
ADA;4;TUSZ;45;157;GDAŃSK
EWA;8;BŁYSZCZYK;14;41;KATOWICE
ADA;8;PODKŁAD;28;90;RZESZÓW
OLA;6;TUSZ;80;285;OPOLE
ALA;5;BŁYSZCZYK;20;58;POZNAŃ
OLA;12;TUSZ;52;199;KRAKÓW
IZA;6;SZMINKA;58;249;LUBLIN
OLA;12;BŁYSZCZYK;78;235;KATOWICE
IZA;2;PODKŁAD;80;248;ŁÓDŹ
ALA;12;BŁYSZCZYK;7;25;ŁÓDŹ
ADA;6;BŁYSZCZYK;61;196;OPOLE
IGA;2;BŁYSZCZYK;63;202;SZCZECIN
EWA;9;KREDKA;38;116;RZESZÓW
IZA;10;TUSZ;51;203;KATOWICE
IZA;10;PODKŁAD;79;251;ŁÓDŹ
ELA;3;SZMINKA;11;45;OPOLE
OLA;3;BŁYSZCZYK;85;247;ŁÓDŹ
ULA;5;PODKŁAD;64;197;WROCŁAW
IGA;6;PODKŁAD;75;257;OPOLE
ELA;5;KREDKA;53;168;WROCŁAW
IZA;10;TUSZ;91;346;SZCZECIN
ADA;4;TUSZ;19;66;KIELCE
OLA;7;TUSZ;70;253;GDAŃSK
EWA;11;TUSZ;74;290;GDAŃSK
ALA;2;BŁYSZCZYK;46;142;WARSZAWA
ALA;11;PODKŁAD;94;316;WROCŁAW
IGA;7;KREDKA;46;127;KATOWICE
EWA;5;PODKŁAD;13;40;GDAŃSK
OLA;9;SZMINKA;92;373;OLSZTYN
EWA;2;PODKŁAD;76;228;SZCZECIN
ULA;6;TUSZ;69;235;WARSZAWA
IGA;5;PODKŁAD;55;161;BYDGOSZCZ
ADA;2;PODKŁAD;29;87;ŁÓDŹ
ADA;11;PODKŁAD;94;318;KATOWICE
ALA;12;TUSZ;72;248;WROCŁAW
IGA;3;KREDKA;88;257;OLSZTYN
ELA;7;KREDKA;25;71;OLSZTYN
IZA;6;SZMINKA;64;276;BYDGOSZCZ
ELA;10;TUSZ;65;236;BYDGOSZCZ
EWA;6;BŁYSZCZYK;48;141;GDAŃSK
ADA;5;KREDKA;37;118;ŁÓDŹ
ULA;7;PODKŁAD;86;250;WROCŁAW
ALA;6;PODKŁAD;34;110;ŁÓDŹ
ELA;7;PODKŁAD;6;21;WROCŁAW
ELA;6;KREDKA;94;289;WROCŁAW
ELA;12;KREDKA;59;188;GDAŃSK
ULA;2;PODKŁAD;41;139;GDAŃSK
IZA;3;BŁYSZCZYK;28;90;OPOLE
IZA;12;KREDKA;34;107;BIAŁYSTOK
OLA;6;KREDKA;6;19;KIELCE
ULA;11;PODKŁAD;17;51;ZIELONAGÓRA
OLA;6;KREDKA;18;55;POZNAŃ
ADA;7;KREDKA;78;239;ŁÓDŹ
ADA;6;BŁYSZCZYK;66;182;OPOLE
OLA;10;KREDKA;78;222;ŁÓDŹ
OLA;3;TUSZ;41;159;POZNAŃ
ULA;12;BŁYSZCZYK;42;119;WARSZAWA
OLA;6;KREDKA;22;70;LUBLIN
ULA;1;KREDKA;9;30;RZESZÓW
ADA;6;BŁYSZCZYK;88;291;POZNAŃ
IGA;11;SZMINKA;84;357;SZCZECIN
ULA;12;BŁYSZCZYK;18;59;OPOLE
ALA;7;BŁYSZCZYK;25;72;KATOWICE
IGA;6;KREDKA;1;6;BYDGOSZCZ
IGA;12;BŁYSZCZYK;60;183;GDAŃSK
ALA;12;BŁYSZCZYK;83;257;KATOWICE
ELA;10;PODKŁAD;52;152;BYDGOSZCZ
IGA;6;SZMINKA;84;374;RZESZÓW
IZA;12;KREDKA;14;43;KRAKÓW
OLA;8;SZMINKA;16;76;KRAKÓW
ELA;7;BŁYSZCZYK;83;269;KATOWICE
IZA;9;TUSZ;89;345;GDAŃSK
IZA;9;KREDKA;66;219;GDAŃSK
IGA;8;KREDKA;34;102;WARSZAWA
ALA;12;PODKŁAD;16;53;WROCŁAW
ALA;7;TUSZ;51;179;POZNAŃ
ULA;12;KREDKA;14;43;OLSZTYN
ELA;2;SZMINKA;24;114;ZIELONAGÓRA
IGA;10;BŁYSZCZYK;71;236;WROCŁAW
OLA;2;TUSZ;90;330;GDAŃSK
IGA;11;KREDKA;41;136;GDAŃSK
ULA;5;KREDKA;58;167;OPOLE
ALA;7;KREDKA;3;11;SZCZECIN
ULA;3;KREDKA;67;207;KATOWICE
OLA;6;TUSZ;23;83;POZNAŃ
ELA;2;PODKŁAD;66;199;GDAŃSK
EWA;8;KREDKA;53;150;SZCZECIN
ELA;12;BŁYSZCZYK;77;218;WARSZAWA
IGA;4;KREDKA;41;124;BIAŁYSTOK
EWA;12;BŁYSZCZYK;77;242;OPOLE
IGA;5;BŁYSZCZYK;78;220;WARSZAWA
ADA;10;BŁYSZCZYK;7;21;OPOLE
EWA;10;SZMINKA;63;280;GDAŃSK
IZA;4;BŁYSZCZYK;89;266;WROCŁAW
IGA;8;KREDKA;36;119;OPOLE
ALA;2;KREDKA;30;91;KATOWICE
ELA;2;BŁYSZCZYK;2;8;WARSZAWA
ULA;2;PODKŁAD;63;207;GDAŃSK
ADA;11;PODKŁAD;34;105;LUBLIN
ALA;10;TUSZ;2;9;KRAKÓW
ALA;3;KREDKA;74;224;LUBLIN
ALA;6;KREDKA;68;204;GDAŃSK
IZA;3;TUSZ;23;93;LUBLIN
ULA;10;SZMINKA;51;234;KATOWICE
EWA;8;TUSZ;40;146;GDAŃSK
ULA;5;KREDKA;74;204;OLSZTYN
EWA;8;SZMINKA;92;366;WARSZAWA
IGA;3;SZMINKA;70;271;POZNAŃ
IZA;2;PODKŁAD;83;267;KIELCE
IZA;5;PODKŁAD;59;199;WARSZAWA
ELA;4;KREDKA;86;275;WARSZAWA
EWA;5;SZMINKA;56;225;BYDGOSZCZ
OLA;5;BŁYSZCZYK;35;102;POZNAŃ
IZA;4;PODKŁAD;16;54;WROCŁAW
OLA;8;PODKŁAD;14;44;WARSZAWA
ALA;12;KREDKA;14;45;GDAŃSK
ADA;3;KREDKA;3;10;GDAŃSK
EWA;7;KREDKA;95;270;BIAŁYSTOK
ADA;5;KREDKA;31;91;KATOWICE
EWA;10;KREDKA;47;142;WARSZAWA
OLA;12;SZMINKA;55;214;BYDGOSZCZ
ALA;11;PODKŁAD;24;76;WARSZAWA
ULA;8;PODKŁAD;72;245;WROCŁAW
ADA;5;TUSZ;44;149;SZCZECIN
ELA;11;BŁYSZCZYK;57;179;LUBLIN
IZA;2;KREDKA;39;130;KATOWICE
EWA;3;PODKŁAD;42;141;GDAŃSK
IZA;11;PODKŁAD;33;97;GDAŃSK
IGA;1;PODKŁAD;48;159;LUBLIN
ALA;11;TUSZ;28;95;ŁÓDŹ
ELA;10;KREDKA;92;282;OPOLE
ADA;11;TUSZ;59;198;SZCZECIN
OLA;10;PODKŁAD;81;242;KATOWICE
IGA;4;TUSZ;48;169;WROCŁAW
ADA;5;SZMINKA;95;420;ŁÓDŹ
ALA;11;TUSZ;6;25;GDAŃSK
ELA;11;BŁYSZCZYK;1;6;POZNAŃ
IZA;4;PODKŁAD;17;53;KATOWICE
ELA;1;KREDKA;77;233;ZIELONAGÓRA
OLA;5;BŁYSZCZYK;48;147;WROCŁAW
ULA;1;KREDKA;18;52;KRAKÓW
ADA;5;KREDKA;6;21;KATOWICE
ADA;11;TUSZ;27;96;WARSZAWA
IZA;6;TUSZ;22;79;GDAŃSK
ELA;9;KREDKA;44;131;KRAKÓW
ALA;12;PODKŁAD;31;105;ŁÓDŹ
IGA;9;PODKŁAD;12;36;SZCZECIN
IZA;1;PODKŁAD;40;126;ŁÓDŹ
ELA;4;TUSZ;55;207;ZIELONAGÓRA
ELA;9;PODKŁAD;83;284;WROCŁAW
IGA;7;TUSZ;8;33;LUBLIN
IZA;6;SZMINKA;65;257;POZNAŃ
ALA;12;BŁYSZCZYK;11;36;OPOLE
EWA;10;PODKŁAD;3;11;LUBLIN
ELA;6;PODKŁAD;68;225;BYDGOSZCZ
ULA;11;PODKŁAD;33;107;ZIELONAGÓRA
IZA;1;PODKŁAD;78;231;LUBLIN
IZA;11;PODKŁAD;82;256;WROCŁAW
EWA;3;PODKŁAD;35;108;OPOLE
ALA;11;TUSZ;64;214;ZIELONAGÓRA
EWA;6;BŁYSZCZYK;38;108;POZNAŃ
ELA;8;TUSZ;25;101;POZNAŃ
ADA;1;TUSZ;39;148;GDAŃSK
ULA;12;KREDKA;49;158;LUBLIN
IZA;1;PODKŁAD;19;58;GDAŃSK
OLA;6;BŁYSZCZYK;77;246;WARSZAWA
ULA;7;TUSZ;47;169;LUBLIN
ALA;10;PODKŁAD;72;223;KATOWICE
ALA;9;PODKŁAD;44;144;LUBLIN
ELA;12;PODKŁAD;35;102;OPOLE
IGA;10;TUSZ;81;267;WARSZAWA
ADA;2;BŁYSZCZYK;15;48;WARSZAWA
ULA;1;PODKŁAD;57;187;WROCŁAW
IZA;12;KREDKA;45;133;SZCZECIN
ELA;11;PODKŁAD;6;21;OPOLE
ULA;1;PODKŁAD;55;181;KRAKÓW
ALA;2;PODKŁAD;9;31;ŁÓDŹ
EWA;9;KREDKA;79;244;ŁÓDŹ
ELA;2;TUSZ;25;84;KATOWICE
ULA;3;TUSZ;89;343;OPOLE
ADA;10;KREDKA;86;239;LUBLIN
ULA;12;PODKŁAD;82;277;BYDGOSZCZ
IZA;7;TUSZ;5;21;BIAŁYSTOK
EWA;1;TUSZ;81;292;RZESZÓW
EWA;9;BŁYSZCZYK;32;95;LUBLIN
IGA;7;TUSZ;33;112;KIELCE
ELA;3;PODKŁAD;93;322;GDAŃSK
ALA;10;BŁYSZCZYK;40;111;KATOWICE
EWA;3;BŁYSZCZYK;30;99;RZESZÓW
ADA;4;PODKŁAD;55;189;OPOLE
ALA;5;BŁYSZCZYK;7;21;POZNAŃ
EWA;5;BŁYSZCZYK;17;53;ZIELONAGÓRA
IGA;7;PODKŁAD;10;32;ŁÓDŹ
IGA;1;SZMINKA;23;91;OPOLE
OLA;1;SZMINKA;12;48;GDAŃSK
OLA;6;KREDKA;78;256;ŁÓDŹ
EWA;8;TUSZ;29;97;LUBLIN
EWA;9;PODKŁAD;94;288;WROCŁAW
ADA;5;BŁYSZCZYK;94;265;LUBLIN
ALA;10;PODKŁAD;6;20;KRAKÓW
ULA;1;PODKŁAD;34;112;GDAŃSK
IZA;2;TUSZ;52;204;GDAŃSK
EWA;8;SZMINKA;84;361;SZCZECIN
OLA;9;PODKŁAD;32;93;ŁÓDŹ
ULA;10;BŁYSZCZYK;78;219;POZNAŃ
ADA;7;TUSZ;80;316;KATOWICE
ADA;8;KREDKA;5;16;OLSZTYN
ALA;2;BŁYSZCZYK;34;99;ŁÓDŹ
EWA;8;BŁYSZCZYK;25;84;WROCŁAW
ALA;11;PODKŁAD;70;243;ZIELONAGÓRA
EWA;12;TUSZ;50;199;SZCZECIN
ALA;11;TUSZ;9;37;WROCŁAW
ELA;3;PODKŁAD;30;104;OPOLE
IZA;11;PODKŁAD;83;262;OPOLE
ULA;12;SZMINKA;20;89;WARSZAWA
ALA;3;KREDKA;21;68;OPOLE
ALA;12;KREDKA;87;285;OPOLE
ULA;1;BŁYSZCZYK;6;19;GDAŃSK
ULA;10;KREDKA;20;61;POZNAŃ
IGA;4;KREDKA;92;285;OLSZTYN
EWA;5;TUSZ;37;145;LUBLIN
OLA;5;TUSZ;18;72;LUBLIN
OLA;5;BŁYSZCZYK;88;276;POZNAŃ
ELA;9;KREDKA;50;161;GDAŃSK
IGA;2;PODKŁAD;8;29;LUBLIN
IGA;10;KREDKA;51;152;POZNAŃ
EWA;10;PODKŁAD;72;213;ZIELONAGÓRA
ELA;5;PODKŁAD;70;205;ŁÓDŹ
IGA;1;TUSZ;27;97;KATOWICE
OLA;7;TUSZ;10;36;WROCŁAW
IZA;7;SZMINKA;38;172;ŁÓDŹ
EWA;6;PODKŁAD;43;143;OPOLE
IGA;10;BŁYSZCZYK;93;286;GDAŃSK
ADA;10;KREDKA;78;248;GDAŃSK
IGA;11;BŁYSZCZYK;23;73;KATOWICE
EWA;4;KREDKA;2;9;WARSZAWA
OLA;6;TUSZ;79;301;ŁÓDŹ
IZA;6;TUSZ;41;154;KATOWICE
ADA;8;PODKŁAD;65;228;OPOLE
OLA;3;PODKŁAD;1;5;SZCZECIN
EWA;9;BŁYSZCZYK;68;213;POZNAŃ
ALA;2;KREDKA;53;157;LUBLIN
ALA;4;BŁYSZCZYK;26;75;WROCŁAW
ULA;4;KREDKA;24;75;OPOLE
IGA;2;PODKŁAD;36;105;GDAŃSK
ADA;10;SZMINKA;17;73;POZNAŃ
ADA;5;TUSZ;54;199;LUBLIN
ADA;10;KREDKA;12;37;KRAKÓW
IZA;7;BŁYSZCZYK;45;142;RZESZÓW
ULA;6;PODKŁAD;92;274;WARSZAWA
IGA;1;PODKŁAD;4;16;POZNAŃ
ULA;2;BŁYSZCZYK;35;113;OPOLE
EWA;10;PODKŁAD;51;157;GDAŃSK
ADA;3;KREDKA;77;243;POZNAŃ
ELA;8;BŁYSZCZYK;70;216;WARSZAWA
ALA;5;TUSZ;70;233;ŁÓDŹ
IGA;12;KREDKA;66;200;OPOLE
OLA;9;PODKŁAD;35;102;KATOWICE
ALA;10;KREDKA;52;167;KATOWICE
IZA;6;KREDKA;95;263;LUBLIN
OLA;2;KREDKA;74;204;OPOLE
IGA;11;TUSZ;43;151;KIELCE
IGA;10;BŁYSZCZYK;79;252;KRAKÓW
ELA;11;PODKŁAD;21;67;WROCŁAW
IGA;3;TUSZ;57;218;OPOLE
OLA;7;SZMINKA;8;38;LUBLIN
ELA;3;BŁYSZCZYK;64;183;POZNAŃ
ULA;2;TUSZ;75;252;OPOLE
IZA;11;TUSZ;38;149;KRAKÓW
IGA;8;PODKŁAD;2;9;POZNAŃ
IZA;3;TUSZ;40;142;WARSZAWA
ELA;9;KREDKA;89;261;OPOLE
ELA;6;TUSZ;11;47;OLSZTYN
EWA;1;PODKŁAD;21;70;RZESZÓW
EWA;1;SZMINKA;51;225;BIAŁYSTOK
IZA;4;KREDKA;65;188;POZNAŃ
OLA;3;TUSZ;91;326;POZNAŃ
ULA;9;PODKŁAD;63;187;POZNAŃ
IZA;6;KREDKA;21;65;GDAŃSK
OLA;4;KREDKA;56;174;WROCŁAW
ALA;5;TUSZ;26;87;WARSZAWA
ADA;2;PODKŁAD;36;104;OPOLE
IGA;1;TUSZ;50;195;WARSZAWA
EWA;2;PODKŁAD;93;313;WARSZAWA
ALA;2;KREDKA;64;203;KRAKÓW
ADA;3;KREDKA;10;33;ZIELONAGÓRA
IGA;1;TUSZ;74;288;RZESZÓW
ULA;7;SZMINKA;27;122;RZESZÓW
IZA;5;TUSZ;14;52;KRAKÓW
ULA;11;BŁYSZCZYK;7;21;SZCZECIN
IGA;2;TUSZ;43;167;POZNAŃ
ELA;12;TUSZ;43;164;KATOWICE
IZA;7;BŁYSZCZYK;50;153;ZIELONAGÓRA
IZA;4;PODKŁAD;5;18;ŁÓDŹ
EWA;2;SZMINKA;73;303;BIAŁYSTOK
ULA;6;KREDKA;40;133;KRAKÓW
IZA;8;KREDKA;10;31;WROCŁAW
ULA;5;KREDKA;64;200;KATOWICE
ALA;2;SZMINKA;20;83;BYDGOSZCZ
ADA;6;TUSZ;11;38;POZNAŃ
ALA;1;KREDKA;95;312;WROCŁAW
IGA;8;BŁYSZCZYK;24;80;GDAŃSK
IZA;11;PODKŁAD;82;276;OPOLE
ADA;8;TUSZ;57;194;WARSZAWA
IGA;10;SZMINKA;72;297;BIAŁYSTOK
ULA;3;SZMINKA;24;101;SZCZECIN
ELA;2;TUSZ;3;14;LUBLIN
OLA;6;TUSZ;77;273;LUBLIN
ADA;10;KREDKA;38;127;WROCŁAW
ULA;11;BŁYSZCZYK;8;24;POZNAŃ
OLA;12;BŁYSZCZYK;14;46;OPOLE
ELA;11;KREDKA;45;150;KATOWICE
ADA;4;KREDKA;93;258;GDAŃSK
ALA;7;SZMINKA;17;79;OPOLE
IGA;12;BŁYSZCZYK;27;88;KATOWICE
OLA;2;TUSZ;61;211;WROCŁAW
ELA;10;SZMINKA;84;375;POZNAŃ
ELA;4;BŁYSZCZYK;60;171;SZCZECIN
ELA;6;TUSZ;28;94;KRAKÓW
ELA;11;KREDKA;70;195;POZNAŃ
ALA;8;TUSZ;73;281;BIAŁYSTOK
ADA;5;TUSZ;84;291;LUBLIN
OLA;2;TUSZ;63;237;LUBLIN
IZA;7;TUSZ;33;130;RZESZÓW
ALA;7;PODKŁAD;29;92;ŁÓDŹ
EWA;4;TUSZ;35;118;ŁÓDŹ
ULA;6;PODKŁAD;64;190;ŁÓDŹ
OLA;2;PODKŁAD;37;127;SZCZECIN
ULA;4;BŁYSZCZYK;95;312;LUBLIN
ADA;7;SZMINKA;9;38;WARSZAWA
ELA;4;KREDKA;32;108;SZCZECIN
OLA;1;KREDKA;83;253;POZNAŃ
OLA;3;PODKŁAD;72;232;LUBLIN
ADA;2;TUSZ;65;232;OPOLE
IGA;8;BŁYSZCZYK;84;277;ŁÓDŹ
IGA;7;PODKŁAD;93;318;ŁÓDŹ
ALA;7;BŁYSZCZYK;27;91;BYDGOSZCZ
EWA;5;KREDKA;33;92;RZESZÓW
ELA;9;KREDKA;18;56;LUBLIN
OLA;11;TUSZ;22;84;GDAŃSK
IGA;1;BŁYSZCZYK;95;270;KIELCE
IZA;8;KREDKA;47;128;WARSZAWA
ADA;12;BŁYSZCZYK;40;114;WROCŁAW
ULA;5;KREDKA;72;223;OPOLE
ELA;4;BŁYSZCZYK;61;200;WARSZAWA
ALA;9;TUSZ;46;168;LUBLIN
IGA;6;KREDKA;81;226;KATOWICE
EWA;3;PODKŁAD;68;198;ŁÓDŹ
IZA;12;SZMINKA;87;380;OPOLE
ADA;9;BŁYSZCZYK;2;7;BIAŁYSTOK
ALA;1;TUSZ;38;133;WROCŁAW
IGA;11;PODKŁAD;70;226;ŁÓDŹ
ADA;6;KREDKA;16;48;KRAKÓW
IZA;11;BŁYSZCZYK;9;28;OPOLE
IGA;11;BŁYSZCZYK;39;125;LUBLIN
OLA;3;PODKŁAD;50;156;OPOLE
EWA;4;TUSZ;4;16;RZESZÓW
ADA;7;SZMINKA;57;266;WARSZAWA
IZA;3;SZMINKA;66;282;POZNAŃ
ELA;6;BŁYSZCZYK;50;164;WARSZAWA
IZA;2;BŁYSZCZYK;20;59;ŁÓDŹ
OLA;11;BŁYSZCZYK;19;56;KATOWICE
OLA;10;TUSZ;58;221;OPOLE
EWA;4;SZMINKA;56;254;LUBLIN
OLA;7;BŁYSZCZYK;12;37;SZCZECIN
ULA;11;PODKŁAD;86;281;KATOWICE
IGA;8;BŁYSZCZYK;12;40;KIELCE
EWA;4;PODKŁAD;17;52;GDAŃSK
IZA;3;KREDKA;53;171;GDAŃSK
ULA;4;TUSZ;29;108;WARSZAWA
OLA;2;PODKŁAD;56;170;LUBLIN
IZA;4;BŁYSZCZYK;87;276;GDAŃSK
ULA;8;SZMINKA;37;151;RZESZÓW
IZA;4;BŁYSZCZYK;75;240;LUBLIN
EWA;7;TUSZ;12;46;GDAŃSK
OLA;9;SZMINKA;75;300;WROCŁAW
ADA;11;KREDKA;30;99;BIAŁYSTOK
ULA;1;SZMINKA;10;47;RZESZÓW
EWA;11;BŁYSZCZYK;64;189;ZIELONAGÓRA
IGA;3;SZMINKA;26;121;OPOLE
OLA;6;BŁYSZCZYK;73;232;WROCŁAW
ALA;10;PODKŁAD;72;219;OPOLE
ULA;7;SZMINKA;60;268;OLSZTYN
IGA;5;KREDKA;85;278;SZCZECIN
ALA;5;SZMINKA;30;129;OPOLE
ULA;5;SZMINKA;73;318;OPOLE
IZA;1;BŁYSZCZYK;48;133;ŁÓDŹ
ALA;7;TUSZ;21;79;OPOLE
ULA;4;BŁYSZCZYK;39;114;KATOWICE
ELA;3;KREDKA;73;219;BIAŁYSTOK
IZA;8;KREDKA;23;66;ZIELONAGÓRA
EWA;1;PODKŁAD;91;308;POZNAŃ
EWA;6;BŁYSZCZYK;27;78;GDAŃSK
IZA;10;BŁYSZCZYK;86;250;RZESZÓW
ALA;5;KREDKA;42;137;ZIELONAGÓRA
IZA;7;TUSZ;85;285;KRAKÓW
ALA;9;PODKŁAD;45;132;SZCZECIN
ALA;1;BŁYSZCZYK;73;207;BYDGOSZCZ
ADA;6;KREDKA;39;127;OPOLE
IGA;8;PODKŁAD;67;203;WROCŁAW
ADA;11;PODKŁAD;29;95;OPOLE
IGA;5;BŁYSZCZYK;12;40;KATOWICE
IGA;1;TUSZ;48;177;POZNAŃ
ELA;7;BŁYSZCZYK;93;298;POZNAŃ
ALA;6;KREDKA;54;166;LUBLIN
IGA;3;BŁYSZCZYK;79;248;LUBLIN
ULA;7;TUSZ;62;222;LUBLIN
ELA;6;SZMINKA;29;119;KATOWICE
IZA;12;PODKŁAD;47;152;KIELCE
ADA;1;BŁYSZCZYK;51;148;OPOLE
ALA;10;TUSZ;3;13;LUBLIN
EWA;3;BŁYSZCZYK;32;102;GDAŃSK
ELA;7;KREDKA;67;191;OPOLE
IZA;10;TUSZ;94;312;KATOWICE
IZA;1;BŁYSZCZYK;5;16;POZNAŃ
EWA;7;TUSZ;47;156;KRAKÓW
ELA;4;SZMINKA;57;233;GDAŃSK
ALA;11;BŁYSZCZYK;71;196;OLSZTYN
ALA;3;KREDKA;76;222;POZNAŃ
OLA;2;PODKŁAD;62;202;ŁÓDŹ
ALA;4;PODKŁAD;11;34;KATOWICE
ELA;6;KREDKA;24;69;LUBLIN
IGA;3;PODKŁAD;45;151;BYDGOSZCZ
ADA;5;KREDKA;41;124;OPOLE
IGA;8;TUSZ;24;92;GDAŃSK
OLA;8;BŁYSZCZYK;88;287;WARSZAWA
ELA;4;BŁYSZCZYK;30;100;WROCŁAW
ELA;5;KREDKA;91;285;LUBLIN
ALA;2;PODKŁAD;34;120;OPOLE
ULA;11;BŁYSZCZYK;7;21;WROCŁAW
EWA;5;BŁYSZCZYK;60;170;KRAKÓW
IZA;1;BŁYSZCZYK;72;220;KRAKÓW
OLA;10;SZMINKA;93;426;OPOLE
OLA;8;KREDKA;82;264;POZNAŃ
OLA;6;TUSZ;27;98;GDAŃSK
EWA;4;BŁYSZCZYK;75;229;WARSZAWA
EWA;2;PODKŁAD;71;241;KATOWICE
ALA;5;KREDKA;81;251;KATOWICE
ELA;8;PODKŁAD;55;173;LUBLIN
OLA;2;SZMINKA;67;274;BYDGOSZCZ
IGA;1;SZMINKA;42;180;GDAŃSK
EWA;2;SZMINKA;92;427;OPOLE
ULA;2;SZMINKA;72;300;WROCŁAW
IGA;8;SZMINKA;92;392;WROCŁAW
EWA;4;KREDKA;94;280;SZCZECIN
ADA;3;TUSZ;36;137;KRAKÓW
IZA;1;KREDKA;65;184;GDAŃSK
OLA;4;BŁYSZCZYK;92;292;SZCZECIN
OLA;7;SZMINKA;34;154;OLSZTYN
ULA;8;SZMINKA;89;389;BYDGOSZCZ
OLA;10;TUSZ;89;352;OLSZTYN
EWA;7;KREDKA;37;113;RZESZÓW
EWA;8;BŁYSZCZYK;10;33;ŁÓDŹ
ULA;3;KREDKA;21;67;KIELCE
IGA;10;TUSZ;15;51;GDAŃSK
IZA;10;KREDKA;47;141;WARSZAWA
ELA;4;KREDKA;54;170;POZNAŃ
EWA;4;BŁYSZCZYK;72;218;POZNAŃ
EWA;2;BŁYSZCZYK;35;102;BIAŁYSTOK
ALA;10;PODKŁAD;15;46;KATOWICE
IGA;5;BŁYSZCZYK;89;280;WROCŁAW
ELA;7;PODKŁAD;80;275;LUBLIN
IGA;12;BŁYSZCZYK;80;222;KRAKÓW
IZA;5;KREDKA;18;56;WARSZAWA
ELA;7;PODKŁAD;71;244;RZESZÓW
ULA;12;TUSZ;88;331;LUBLIN
IZA;5;BŁYSZCZYK;50;147;OPOLE
IGA;11;BŁYSZCZYK;6;20;KIELCE
ULA;2;KREDKA;13;45;ZIELONAGÓRA
ELA;6;PODKŁAD;40;128;RZESZÓW
ULA;10;KREDKA;16;46;GDAŃSK
IGA;6;KREDKA;8;27;POZNAŃ
ELA;6;PODKŁAD;12;43;WROCŁAW
OLA;6;BŁYSZCZYK;68;197;ZIELONAGÓRA
IZA;6;BŁYSZCZYK;12;35;ŁÓDŹ
ALA;10;KREDKA;21;63;RZESZÓW
ADA;8;KREDKA;93;261;WARSZAWA
IGA;4;TUSZ;48;169;OPOLE
IZA;2;PODKŁAD;73;218;POZNAŃ
ELA;3;KREDKA;54;167;GDAŃSK
EWA;4;PODKŁAD;69;207;LUBLIN
IGA;9;PODKŁAD;4;16;ŁÓDŹ
IZA;6;PODKŁAD;16;54;OLSZTYN
OLA;4;SZMINKA;92;393;WROCŁAW
OLA;6;KREDKA;15;52;WARSZAWA
ULA;4;KREDKA;35;115;ŁÓDŹ
IGA;4;PODKŁAD;15;49;WROCŁAW
IZA;3;PODKŁAD;23;81;WROCŁAW
ADA;3;PODKŁAD;72;242;ŁÓDŹ
ADA;7;BŁYSZCZYK;50;152;GDAŃSK
ADA;6;KREDKA;64;188;POZNAŃ
ELA;3;KREDKA;11;37;BIAŁYSTOK
IGA;4;PODKŁAD;93;318;WARSZAWA
IGA;2;PODKŁAD;18;65;OPOLE
IZA;9;KREDKA;39;120;GDAŃSK
IZA;6;TUSZ;31;114;WARSZAWA
ELA;3;KREDKA;45;146;KRAKÓW
EWA;11;PODKŁAD;63;199;POZNAŃ
IZA;11;PODKŁAD;83;282;BYDGOSZCZ
IZA;4;KREDKA;23;71;GDAŃSK
EWA;8;BŁYSZCZYK;70;221;WROCŁAW
ALA;6;PODKŁAD;15;45;LUBLIN
EWA;2;TUSZ;56;208;BYDGOSZCZ
ALA;6;PODKŁAD;13;41;POZNAŃ
OLA;1;TUSZ;34;119;WARSZAWA
ADA;8;BŁYSZCZYK;49;159;KATOWICE
ALA;3;KREDKA;82;245;OPOLE
OLA;7;BŁYSZCZYK;6;21;KATOWICE
ELA;1;SZMINKA;72;301;ZIELONAGÓRA
ULA;4;PODKŁAD;76;240;GDAŃSK
IZA;1;BŁYSZCZYK;66;203;POZNAŃ
ULA;7;BŁYSZCZYK;9;30;KRAKÓW
ELA;5;PODKŁAD;44;129;LUBLIN
EWA;12;PODKŁAD;58;197;OPOLE
ELA;6;SZMINKA;15;64;POZNAŃ
ADA;5;PODKŁAD;2;8;GDAŃSK
ALA;5;TUSZ;61;242;ŁÓDŹ
ELA;11;TUSZ;10;38;GDAŃSK
IZA;7;KREDKA;47;157;OLSZTYN
ELA;10;KREDKA;47;152;ŁÓDŹ
ADA;10;TUSZ;21;79;ŁÓDŹ
ALA;3;BŁYSZCZYK;38;120;KATOWICE
ULA;8;BŁYSZCZYK;81;236;OPOLE
ULA;7;KREDKA;55;159;ŁÓDŹ
IZA;9;KREDKA;61;171;OPOLE
ELA;4;PODKŁAD;62;207;SZCZECIN
IGA;12;TUSZ;2;9;LUBLIN
ULA;6;PODKŁAD;38;122;ŁÓDŹ
OLA;11;TUSZ;78;284;POZNAŃ
IZA;11;BŁYSZCZYK;17;54;WARSZAWA
OLA;3;SZMINKA;6;28;GDAŃSK
ULA;2;TUSZ;1;6;GDAŃSK
OLA;6;KREDKA;35;104;GDAŃSK
ALA;6;BŁYSZCZYK;51;146;OPOLE
OLA;3;PODKŁAD;11;37;GDAŃSK
ADA;11;KREDKA;9;26;POZNAŃ
ALA;2;BŁYSZCZYK;42;131;BYDGOSZCZ
EWA;4;PODKŁAD;86;279;WROCŁAW
ALA;2;PODKŁAD;31;96;ZIELONAGÓRA
ADA;3;BŁYSZCZYK;82;240;BYDGOSZCZ
ULA;6;BŁYSZCZYK;33;91;KATOWICE
ADA;1;KREDKA;2;9;OPOLE
EWA;10;PODKŁAD;15;52;WROCŁAW
ALA;2;KREDKA;51;166;WROCŁAW
ULA;6;BŁYSZCZYK;36;100;ŁÓDŹ
ELA;11;TUSZ;33;118;KRAKÓW
IZA;5;TUSZ;5;22;SZCZECIN
ELA;3;PODKŁAD;34;112;LUBLIN
IZA;6;PODKŁAD;69;203;ŁÓDŹ
IZA;8;SZMINKA;30;127;GDAŃSK
ADA;1;BŁYSZCZYK;33;99;WROCŁAW
ELA;7;BŁYSZCZYK;88;276;KIELCE
EWA;12;PODKŁAD;37;111;SZCZECIN
ADA;5;PODKŁAD;16;54;KRAKÓW
EWA;12;BŁYSZCZYK;31;99;GDAŃSK
IZA;7;PODKŁAD;83;276;ŁÓDŹ
IZA;7;KREDKA;10;34;ŁÓDŹ
IGA;1;BŁYSZCZYK;50;164;KATOWICE
ULA;12;PODKŁAD;87;301;OPOLE
ADA;6;BŁYSZCZYK;25;79;POZNAŃ
EWA;4;PODKŁAD;72;210;ŁÓDŹ
ELA;3;KREDKA;79;250;BIAŁYSTOK
ALA;12;BŁYSZCZYK;37;124;OLSZTYN
ULA;7;KREDKA;43;122;WROCŁAW
IGA;12;PODKŁAD;62;204;OLSZTYN
ALA;1;KREDKA;26;83;OPOLE
ADA;3;BŁYSZCZYK;78;217;KATOWICE
ADA;4;KREDKA;80;247;RZESZÓW
IZA;4;KREDKA;5;17;KIELCE
EWA;2;PODKŁAD;46;154;WROCŁAW
ADA;5;BŁYSZCZYK;47;138;SZCZECIN
IGA;3;BŁYSZCZYK;50;158;GDAŃSK
OLA;10;TUSZ;11;43;GDAŃSK
ULA;4;KREDKA;34;104;LUBLIN
ADA;12;TUSZ;33;111;LUBLIN
EWA;5;SZMINKA;33;153;LUBLIN
IZA;10;BŁYSZCZYK;28;82;OPOLE
ULA;6;BŁYSZCZYK;28;79;WROCŁAW
ADA;3;BŁYSZCZYK;90;287;BIAŁYSTOK
ALA;8;SZMINKA;17;79;LUBLIN
EWA;4;TUSZ;6;27;WARSZAWA
ALA;2;TUSZ;70;238;OPOLE
OLA;11;TUSZ;79;300;WARSZAWA
ALA;6;TUSZ;33;123;GDAŃSK
IZA;3;TUSZ;37;136;RZESZÓW
OLA;5;TUSZ;33;114;WARSZAWA
IZA;4;BŁYSZCZYK;13;37;WROCŁAW
ULA;6;BŁYSZCZYK;52;170;LUBLIN
EWA;1;BŁYSZCZYK;49;163;OPOLE
ELA;1;TUSZ;47;188;GDAŃSK
EWA;3;BŁYSZCZYK;78;251;OPOLE
ULA;7;KREDKA;61;179;WROCŁAW
OLA;4;SZMINKA;93;388;WROCŁAW
EWA;1;PODKŁAD;62;195;WROCŁAW
ALA;1;KREDKA;49;145;POZNAŃ
IZA;5;TUSZ;63;244;OPOLE
ADA;4;SZMINKA;93;389;KIELCE
ULA;3;PODKŁAD;31;108;GDAŃSK
ALA;2;TUSZ;16;64;BYDGOSZCZ
OLA;6;BŁYSZCZYK;9;30;GDAŃSK
ELA;4;KREDKA;72;214;OPOLE
OLA;4;SZMINKA;38;157;WARSZAWA
IGA;6;KREDKA;58;185;OPOLE
ADA;9;BŁYSZCZYK;6;21;POZNAŃ
ULA;5;BŁYSZCZYK;89;245;POZNAŃ
EWA;7;TUSZ;94;365;KATOWICE
ULA;3;BŁYSZCZYK;66;205;OLSZTYN
OLA;1;PODKŁAD;92;311;KATOWICE
IGA;4;BŁYSZCZYK;37;105;WARSZAWA
ALA;4;BŁYSZCZYK;25;76;KIELCE
EWA;8;SZMINKA;45;197;WROCŁAW
IZA;10;PODKŁAD;3;10;OPOLE
EWA;11;KREDKA;15;49;POZNAŃ
IZA;11;PODKŁAD;31;109;LUBLIN
EWA;7;TUSZ;93;357;ŁÓDŹ
OLA;10;BŁYSZCZYK;69;196;ZIELONAGÓRA
EWA;12;KREDKA;3;10;BYDGOSZCZ
OLA;11;BŁYSZCZYK;28;89;WARSZAWA
ELA;10;PODKŁAD;75;241;GDAŃSK
OLA;3;TUSZ;16;61;WROCŁAW
ELA;6;BŁYSZCZYK;43;136;LUBLIN
EWA;7;PODKŁAD;44;154;OPOLE
OLA;4;KREDKA;46;130;BIAŁYSTOK
ADA;3;PODKŁAD;27;88;BYDGOSZCZ
ULA;7;PODKŁAD;68;222;ŁÓDŹ
ADA;12;TUSZ;54;196;WARSZAWA
